Jugador,Dorsal,Goles,Asistencias,Partidos,Amarillas,Rojas,Temporada,MVP
Miguel Ángel Rodríguez,10,9,,14,2,0,21/22,
Fernando Oteo,99,6,,21,0,0,21/22,
Iñigo Saenz Mesas,22,14,,19,4,0,21/22,
Marcos Herrero,7,7,,7,0,0,21/22,
Javier Delgado,5,1,,21,1,0,21/22,
Daniel Sanz,8,10,,19,0,0,21/22,
Luis Vico,19,0,,9,0,0,21/22,
Juan Pereira,9,1,,15,3,0,21/22,
"Diego López  ""Goyón""",?,0,,4,0,0,21/22,
Félix Barragán,3,1,,11,0,0,21/22,
Roberto Lage,20,1,,12,0,0,21/22,
PP (Propia puerta),?,1,,0,0,0,21/22,
Sergio Hernández 'Checho',14,3,,15,1,1,21/22,
Gabriel Valle Silva,11,1,,15,0,0,21/22,
Álvaro Cea,?,6,,5,0,0,21/22,
Pepe,23,3,,6,0,0,21/22,
Total,?,64,0,24,11,1,21/22,0
Miguel Ángel Rodríguez,10,25,4,14,2,0,22/23,6
Fernando Oteo,99,16,11,21,0,0,22/23,2
Iñigo Saenz Mesas,22,9,15,19,4,0,22/23,2
Marcos Herrero,7,5,4,7,0,0,22/23,2
Javier Delgado,5,5,1,21,1,0,22/23,1
Daniel Sanz,8,4,3,19,0,0,22/23,0
Jorge Muñoz,4,2,0,5,1,0,22/23,0
Luis Vico,19,2,4,9,0,0,22/23,2
Juan Pereira,9,2,2,15,0,0,22/23,0
Carlos Pérez,?,1,2,3,0,0,22/23,0
"Diego López  ""Goyón""",?,1,0,4,0,0,22/23,0
Jose Delgado,?,1,1,5,0,0,22/23,0
Félix Barragán,3,1,2,11,0,0,22/23,0
Roberto Lage,20,1,1,12,0,0,22/23,0
PP (Propia puerta),?,1,0,0,0,0,22/23,0
Sergio Hernández 'Checho',14,0,3,15,1,1,22/23,0
Pepe,23,0,1,6,0,0,22/23,0
Total,?,76,54,21,9,1,22/23,15
Miguel Ángel Rodríguez,10,20,12,20,2,0,23/24,7
Fernando Oteo,99,3,1,12,0,0,23/24,0
Iñigo Saenz Mesas,22,11,5,12,0,0,23/24,3
Marcos Herrero,7,19,8,23,2,0,23/24,3
Javier Delgado,5,3,3,22,1,0,23/24,0
Daniel Sanz,8,1,3,21,1,0,23/24,0
Jorge Muñoz,4,1,3,22,1,0,23/24,0
Luis Vico GK,19,0,2,8,0,0,23/24,1
Juan Pereira,9,6,6,24,1,0,23/24,0
Carlos Pérez,69,5,3,5,0,0,23/24,2
"Diego López  ""Goyón""",?,0,0,0,0,0,23/24,0
José Delgado,2,4,4,24,4,0,23/24,1
Félix Barragán,3,1,0,7,2,0,23/24,0
Roberto Lage,20,1,2,21,0,0,23/24,2
P.P,?,1,0,0,0,0,23/24,0
Sergio Hernández 'Checho',14,4,1,22,4,0,23/24,2
Pepe Mesas,23,0,1,3,0,0,23/24,0
David Berdiales,28,0,0,4,0,0,23/24,0
Total,?,80,54,24,18,0,23/24,21
Miguel Ángel Rodríguez,10,36,17,18,4,0,24/25,8
Fernando Oteo,99,5,8,15,0,0,24/25,0
Iñigo Saenz Mesas,22,3,4,2,0,0,24/25,1
Marcos Herrero,7,9,7,21,0,0,24/25,6
Javier Delgado,5,4,5,18,1,0,24/25,0
Daniel Sanz,8,8,4,21,1,0,24/25,1
Jorge Muñoz,4,3,5,7,2,0,24/25,1
Juan Pereira,9,10,7,22,2,0,24/25,0
Víctor Méndez,98,9,8,17,1,0,24/25,0
José Delgado,2,0,0,4,1,0,24/25,0
Félix Barragán,3,0,0,3,0,0,24/25,0
Roberto Lage,20,3,4,15,0,0,24/25,2
Sergio Hernández 'Checho',14,5,5,15,4,0,24/25,0
Pepe Mesas,23,1,0,9,1,1,24/25,0
Gonzalo Manzano,69,0,1,6,0,0,24/25,0
Javier Riesgo Jimeno,41,0,1,2,2,1,24/25,0
Jorge Alonso Rodríguez,12,0,0,1,0,0,24/25,0
Total,?,96,76,22,19,2,24/25,19
Miguel Ángel Rodríguez,10,3,1,1,0,0,25/26,1
Fernando Oteo,99,0,0,1,0,0,25/26,0
Iñigo Saenz Mesas,22,0,0,0,0,0,25/26,0
Marcos Herrero,7,2,2,2,0,0,25/26,1
Javier Delgado,5,0,0,2,0,0,25/26,0
Daniel Sanz,8,0,0,2,0,1,25/26,0
Juan Pereira,9,1,3,2,0,0,25/26,0
José Delgado,2,0,0,0,0,0,25/26,0
Félix Barragán,3,1,0,2,0,0,25/26,0
Roberto Lage,20,0,0,2,0,0,25/26,0
Sergio Hernández 'Checho',14,0,0,2,1,0,25/26,0
Pepe Mesas,23,0,0,0,0,0,25/26,0
Gonzalo Manzano,69,0,0,0,0,0,25/26,0
Javier Riesgo Jimeno,41,0,0,0,0,0,25/26,0
Total,?,7,6,4,1,1,25/26,2