Nombre,Dorsal,Alias,Posicion
Juan Pereira,9,Pere,Delantero
Iñigo Saenz Mesas,22,Iñi,Medio
Roberto Lage,24,Robert,Medio
Javier Delgado,5,Portu,Defensa
José Delgado,2,Joselu,Defensa
Luis Vico GK,1,Vico,Portero
Félix Barragán,3,Félix,Medio
Marcos Herrero,7,Mark,Delantero
Jorge Muñoz,4,Drako,Defensa
Daniel Sanz,8,Dani,Defensa
Miguel Ángel Rodríguez,10,Migue,Medio
Sergio Hernández 'Checho',14,Checho,Medio
Carlos Pérez,69,Charly,Medio
David Berdiales,28,Berdi,Portero
Jorge Heras,25,Jorge,Portero
Fernando Oteo,99,Fer,Medio
Samuel Ortega,55,Samu,Portero
Luis Vico,19,Vico,Delantero
Pepe Mesas,23,Pepe,Medio
Víctor Méndez,98,Vicmen,Medio
Gonzalo Manzano,69,Gonman,Defensa
"Diego López  ""Goyón""",97,Goyón,Medio
Javier Riesgo Jimeno,41,Javi,Medio
Jorge Alonso Rodríguez,12,Jorge Alonso,Medio