ID_Partido,Local,Visitante,Fecha,Goles Local,Goles Visitante,Campo,Temporada,Competición,Jornada,Jugado
M.1,Sansugus FC,ALH,2021-10-16 19:15,6,1,3,21/22,Torneo Apertura,Jornada 1,TRUE
M.2,Valhalla Club,Sansugus FC,2021-10-23 19:15,1,4,3,21/22,Torneo Apertura,Jornada 2,TRUE
M.3,Sansugus FC,Juventus FC,2021-11-07 10:45,3,2,1,21/22,Torneo Apertura,Jornada 3,TRUE
M.4,Kamikaze FC,Sansugus FC,2021-11-14 12:45,4,4,3,21/22,Torneo Apertura,Jornada 4,TRUE
M.5,Internacionales FC,Sansugus FC,2021-11-21 09:45,2,2,2,21/22,Torneo Apertura,Jornada 5,TRUE
M.6,Sansugus FC,Enfurbaos CF,2021-11-28 09:45,2,1,1,21/22,Torneo Apertura,Jornada 6,TRUE
M.7,Black&White,Sansugus FC,2021-12-12 09:45,2,3,1,21/22,Torneo Apertura,Jornada 7,TRUE
M.8,Sansugus FC,Caseto United,2021-12-19 10:45,3,3,2,21/22,Torneo Apertura,Jornada 8,TRUE
M.9,Team Perú,Sansugus FC,2022-01-16 10:45,0,3,3,21/22,Torneo Apertura,Jornada 9,FALSE
M.10,Sansugus FC,Buniatis Cleb,2022-01-23 09:45,2,5,3,21/22,Torneo Apertura,Jornada 10,TRUE
M.11,Talleres Pinho,Sansugus FC,2022-01-30 10:45,2,3,1,21/22,Torneo Apertura,Jornada 11,TRUE
M.12,Sansugus FC,The Hammers FC,2022-02-05 16:15,3,2,3,21/22,Torneo Clausura,Jornada 1,TRUE
M.13,Boca Roners,Sansugus FC,2022-02-13 09:45,5,1,2,21/22,Torneo Clausura,Jornada 2,TRUE
M.14,Élite FC,Sansugus CF,2022-02-20 09:45,0,4,1,21/22,Torneo Clausura,Jornada 3,TRUE
M.15,Sansugus FC,Enfurbaos CF,2022-02-27 09:45,3,4,2,21/22,Torneo Clausura,Jornada 4,TRUE
M.16,ALH,Sansugus FC,2022-03-06 10:45,2,1,1,21/22,Torneo Clausura,Jornada 5,TRUE
M.17,Sansugus FC,Paketenaikos FC,2022-03-13 10:45,0,4,2,21/22,Torneo Clausura,Jornada 6,TRUE
M.18,Valhalla Club,Sansugus FC,2022-03-19 16:45,4,2,3,21/22,Torneo Clausura,Jornada 7,TRUE
M.19,Sansugus FC,Buniatis Cleb,2022-03-27 11:45,1,5,3,21/22,Torneo Clausura,Jornada 8,TRUE
M.20,El Chimbón VC,Sansugus FC,2022-04-03 11:45,3,4,1,21/22,Torneo Clausura,Jornada 9,TRUE
M.21,Sansugus FC,Real Astrazeneca FC,2022-04-10 11:45,1,4,3,21/22,Torneo Clausura,Jornada 10,TRUE
M.22,Black&White,Sansugus FC,2022-04-24 12:45,3,1,3,21/22,Torneo Clausura,Jornada 11,TRUE
M.23,Sansugus FC,Leyendas FC,2022-05-08 10:45,5 (4),5 (3),2,21/22,Europa League,Cuartos de final,TRUE
M.24,Sansugus FC,Internacionales FC,2022-05-22 11:00,5,3,2,21/22,Europa League,Semifinal,TRUE
M.25,Enfurbaos CF,Sansugus FC,2022-05-28 12:30,2,1,1,21/22,Europa League,Final,TRUE
M.26,Sansugus FC,Ínter Strada,2022-10-16 09:15,0,3,2,22/23,Torneo Apertura,Jornada 1,TRUE
M.27,Boca Roners,Sansugus FC,2022-10-23 09:15,1,4,1,22/23,Torneo Apertura,Jornada 2,TRUE
M.28,Sansugus FC,Real Astrazeneca FC,2022-11-13 11:15,2,1,1,22/23,Torneo Apertura,Jornada 4,TRUE
M.29,Tracas FC,Sansugus FC,2022-11-20 10:15,1,5,3,22/23,Torneo Apertura,Jornada 5,TRUE
M.30,Sansugus FC,Manchester Piti ,2022-11-27 12:15,1,2,1,22/23,Torneo Apertura,Jornada 6,TRUE
M.31,Recreativo de Juerga,Sansugus FC,2022-12-10 18:15,1,6,3,22/23,Torneo Apertura,Jornada 7,TRUE
M.32,Sansugus FC,Team Perú,2022-12-18 09:15,3,0,3,22/23,Torneo Apertura,Jornada 8,FALSE
M.33,El Chimbón VC,Sansugus FC,2023-01-15 10:15,2,2,2,22/23,Torneo Apertura,Jornada 9,TRUE
M.34,Sansugus FC,Valhalla Club,2023-01-21 18:15,5,8,3,22/23,Torneo Apertura,Jornada 10,TRUE
M.35,Los Guerreros,Sansugus FC,2023-01-29 18:15,0,3,2,22/23,Torneo Apertura,Jornada 11,FALSE
M.36,Sansugus FC,Calvix Team,2023-02-12 09:15,5,2,1,22/23,Torneo Clausura,Jornada 2,TRUE
M.37,Élite FC,Sansugus FC,2023-02-19 09:15,4,3,2,22/23,Torneo Clausura,Jornada 3,TRUE
M.38,Sansugus FC,Texas Guadarrama,2023-02-26 09:15,5,4,1,22/23,Torneo Clausura,Jornada 4,TRUE
M.39,Manchester Piti ,Sansugus FC,2023-03-05 10:15,3,5,2,22/23,Torneo Clausura,Jornada 5,TRUE
M.40,Sansugus FC,Valhalla Club,2023-03-11 16:45,3,7,3,22/23,Torneo Clausura,Jornada 6,TRUE
M.41,Leyendas FC,Sansugus FC,2023-03-19 09:15,3,4,1,22/23,Torneo Clausura,Jornada 7,TRUE
M.42,Sansugus FC,Buniatis Cleb,2023-03-26 09:15,2,3,2,22/23,Torneo Clausura,Jornada 8,TRUE
M.43,Paketenaikos FC,Sansugus FC,2023-04-02 09:15,4,6,2,22/23,Torneo Clausura,Jornada 9,TRUE
M.44,Sansugus FC,Manza Football Club,2023-04-16 09:15,3,4,3,22/23,Torneo Clausura,Jornada 10,TRUE
M.45,Latinos FC,Sansugus FC,2023-04-23 09:15,1,7,3,22/23,Torneo Clausura,Jornada 11,TRUE
M.46,Sansugus FC,Scissors FC,2023-05-07 10:15,3,0,3,22/23,Fase Previa Copa,1/16 de Final,FALSE
M.47,Sansugus FC,Internacionales FC,2023-05-14 09:30,4,1,2,22/23,Champions League,1/8 de Final,TRUE
M.48,Ínter Strada,Sansugus FC,2023-05-21 10:00,1,2,2,22/23,Champions League,Cuartos de final,TRUE
M.49,Élite FC,Sansugus FC,2023-05-28 10:00,3,2,2,22/23,Champions League,Semifinal,TRUE
M.50,Sansugus FC,Descansa,,,,,22/23,Torneo Apertura,Jornada 3,FALSE
M.51,Sansugus FC,Descansa,,,,,22/23,Torneo Clausura,Jornada 1,FALSE
M.52,Sporting Brugal,Sansugus FC,2023-10-12 12:30,2,5,3,23/24,Torneo Apertura,Jornada 1,TRUE
M.53,Sansugus FC,Team Perú,2023-10-29 10:30,6,2,3,23/24,Torneo Apertura,Jornada 2,TRUE
M.54,The Gorronalboys,Sansugus FC,2023-11-05 9:30,5,4,3,23/24,Torneo Apertura,Jornada 3,TRUE
M.55,Sansugus FC,Internacionales FC,2023-11-12 9:30,6,2,3,23/24,Torneo Apertura,Jornada 4,TRUE
M.56,Manchester Piti ,Sansugus FC,2023-11-19 19:15,6,2,3,23/24,Torneo Apertura,Jornada 5,TRUE
M.57,Sansugus FC,Aston Birra,2023-11-26 9:30,1,4,2,23/24,Torneo Apertura,Jornada 6,TRUE
M.58,Sansugus FC,Talleres Pinho,2023-12-03 10:30,1,1,2,23/24,Torneo Apertura,Jornada 7,TRUE
M.59,Texas Guadarrama,Sansugus FC,2023-12-17 9:30,4,5,1,23/24,Torneo Apertura,Jornada 8,TRUE
M.60,Sansugus FC,Enfurbaos CF,2024-01-14 10:30,4,1,1,23/24,Torneo Apertura,Jornada 9,TRUE
M.61,Olimpiakojos FC,Sansugus FC,2024-01-21 10:30,4,4,1,23/24,Torneo Apertura,Jornada 10,TRUE
M.62,Sansugus FC,Real Suciedad,2024-01-27 15:15,3,1,3,23/24,Torneo Apertura,Jornada 11,TRUE
M.63,Real Astrazeneca ,Sansugus FC,2024-02-04 9:30,0,3,2,23/24,Torneo Clausura,Jornada 1,TRUE
M.64,Sansugus FC,Texas Guadarrama,2024-02-11 10:30,4,5,3,23/24,Torneo Clausura,Jornada 2,TRUE
M.65,New Rolls,Sansugus FC,2024-02-18 20:15,9,0,3,23/24,Torneo Clausura,Jornada 3,TRUE
M.66,Sansugus FC,Real Suciedad,2024-02-25 12:30,0,2,2,23/24,Torneo Clausura,Jornada 4,TRUE
M.67,Sansugus FC,El Chimbón VC,2024-03-10 10:30,0,8,2,23/24,Torneo Clausura,Jornada 6,TRUE
M.68,Sansugus FC,D. Sierra Bares,2024-03-17 10:30,4,6,2,23/24,Torneo Clausura,Jornada 7,TRUE
M.69,Los Bichos Gang,Sansugus FC,2024-03-22 18:30,3,5,3,23/24,Torneo Clausura,Jornada 5,TRUE
M.70,Buniatis Cleb,Sansugus FC,2024-04-07 10:30,3,5,3,23/24,Torneo Clausura,Jornada 8,TRUE
M.71,Sansugus FC,Valhalla Club,2024-04-14 10:30,4,3,2,23/24,Torneo Clausura,Jornada 9,TRUE
M.72,Enfurbaos CF,Sansugus FC,2024-04-21 12:30,1,2,1,23/24,Torneo Clausura,Jornada 10,TRUE
M.73,Sansugus FC,Recreativo de Juerga,2024-05-11 19:15,4,4,1,23/24,Torneo Clausura,Jornada 11,TRUE
M.74,Internacionales FC,Sansugus FC,2024-05-18 16:00,3,6,3,23/24,Supercopa,Octavos de final,TRUE
M.75,New Rolls,Sansugus FC,2024-05-26 12:00,5,3,1,23/24,Supercopa,Cuartos de final,TRUE
M.76,El Chimbón VC,Sansugus FC,2024-09-29 12:20,2,4,1,24/25,Torneo Apertura,Jornada 1,TRUE
M.77,Sansugus FC,Jabatos FC,2024-10-20 9:20,4,2,3,24/25,Torneo Apertura,Jornada 3,TRUE
M.78,The Gorronalboys,Sansugus FC,2024-10-27 11:20,3,7,3,24/25,Torneo Apertura,Jornada 4,TRUE
M.79,Sansugus FC,Rayo de la Sierra FC,2024-11-10 9:20,3,2,3,24/25,Torneo Apertura,Jornada 5,TRUE
M.80,Team Perú,Sansugus FC,2024-11-17 12:20,2,10,1,24/25,Torneo Apertura,Jornada 6,TRUE
M.81,Sansugus FC,Cervecería La Cala,2024-11-24 13:20,10,2,1,24/25,Torneo Apertura,Jornada 7,TRUE
M.82,Internacionales FC,Sansugus FC,2024-12-01 13:20,1,3,2,24/25,Torneo Apertura,Jornada 8,TRUE
M.83,Sansugus FC,Bayern Meister,2024-12-15 9:20,10,3,1,24/25,Torneo Apertura,Jornada 9,TRUE
M.84,Dep. Cinco Estrellas,Sansugus FC,2024-12-22 10:20,4,5,3,24/25,Torneo Apertura,Jornada 10,TRUE
M.85,Sansugus FC,New Rolls,2025-01-11 20:00,2,10,3,24/25,Torneo Apertura,Jornada 11,TRUE
M.86,Sansugus FC,Cartón Balandín,2025-01-26 11:00,1,1,2,24/25,Supercopa,Semifinal,TRUE
M.87,Sansugus FC,Real Suciedad,2025-01-26 11:30,3,1,1,24/25,Supercopa,Tercer y cuarto puesto,TRUE
M.88,Sansugus FC,Latri FC,2025-02-02 9:20,2,7,1,24/25,Primera División,Jornada 1,TRUE
M.89,The Gorronalboys,Sansugus FC,2025-02-09 10:20,0,3,2,24/25,Primera División,Jornada 2,TRUE
M.90,Sansugus FC,Real Suciedad,2025-02-23 11:20,5,6,2,24/25,Primera División,Jornada 3,TRUE
M.91,Sporting Brugal,Sansugus FC,2025-03-01 17:30,3,2,3,24/25,Primera División,Jornada 4,TRUE
M.92,Sansugus FC,Cartón Balandín,2025-03-17 17:00,1,2,3,24/25,Primera División,Jornada 7,TRUE
M.93,Sansugus FC,D. Sierra Bares,2025-03-23 10:20,6,5,3,24/25,Primera División,Jornada 8,TRUE
M.94,Sansugus FC,Ganguita FC,2025-04-06 12:20,6,1,1,24/25,Primera División,Jornada 10,TRUE
M.95,Recreativo de Juerga,Sansugus FC,2025-04-27 9:20,6,4,2,24/25,Primera División,Jornada 11,TRUE
M.96,Élite FC,Sansugus FC,2025-05-19 13:45,2,3,3,24/25,La Copa,Dieciseisavos de final,TRUE
M.97,Sansugus FC,Sporting de Brugal,2025-05-25 12:45,2,3,1,24/25,La Copa,Octavos de final,TRUE
M.98,Sansugus FC,Pitbull´s FC,2025-10-05 11:15,3,4,1,25/26,Torneo Apertura,Jornada 2,TRUE
M.99,El Chimbón VC,Sansugus FC,2025-10-19 10:15,5,2,1,25/26,Torneo Apertura,Jornada 3,TRUE
M.100,Sansugus FC,Jabatos FC,2025-11-09 10:15,5,0,1,25/26,Torneo Apertura,Jornada 5,TRUE
M.101,RB Saldeburgos,Sansugus FC,2025-11-16 10:15,1,2,2,25/26,Torneo Apertura,Jornada 6,TRUE